timestamp,experiment,seed,llm,backend_effective,position,claim_id,name,income,household_size,region,ground_truth,decision,is_correct,reasoning
2026-04-29T07:58:00.863075+00:00,exp0_baseline,42,rule,rule,1,C0045,Priya Chen,34668,1,E,deny,deny,1,"Claim C0045 does not meet the rule: income=34668, household_size=1."
2026-04-29T07:58:00.863075+00:00,exp0_baseline,42,rule,rule,2,C0099,Maya Nasser,18940,7,A,approve,approve,1,"Claim C0099 meets the rule: income=18940, household_size=7."
2026-04-29T07:58:00.863075+00:00,exp0_baseline,42,rule,rule,3,C0185,Priya Ahmed,37486,1,C,deny,deny,1,"Claim C0185 does not meet the rule: income=37486, household_size=1."
2026-04-29T07:58:00.863075+00:00,exp0_baseline,42,rule,rule,4,C0124,Nadia Nasser,12812,4,C,approve,approve,1,"Claim C0124 meets the rule: income=12812, household_size=4."
2026-04-29T07:58:00.863075+00:00,exp0_baseline,42,rule,rule,5,C0122,Elena Rahman,33164,2,C,deny,deny,1,"Claim C0122 does not meet the rule: income=33164, household_size=2."
2026-04-29T07:58:00.863075+00:00,exp0_baseline,42,rule,rule,6,C0168,Ivan Hossain,27236,6,E,approve,approve,1,"Claim C0168 meets the rule: income=27236, household_size=6."
2026-04-29T07:58:00.863075+00:00,exp0_baseline,42,rule,rule,7,C0010,Leila Lopez,34739,4,A,approve,approve,1,"Claim C0010 meets the rule: income=34739, household_size=4."
2026-04-29T07:58:00.863075+00:00,exp0_baseline,42,rule,rule,8,C0177,Carlos Brown,19757,4,B,approve,approve,1,"Claim C0177 meets the rule: income=19757, household_size=4."
2026-04-29T07:58:00.863075+00:00,exp0_baseline,42,rule,rule,9,C0198,Maya Wilson,29338,5,C,approve,approve,1,"Claim C0198 meets the rule: income=29338, household_size=5."
2026-04-29T07:58:00.863075+00:00,exp0_baseline,42,rule,rule,10,C0114,Fatima Wilson,25624,3,C,approve,approve,1,"Claim C0114 meets the rule: income=25624, household_size=3."
2026-04-29T07:58:00.863075+00:00,exp0_baseline,42,rule,rule,11,C0004,Jonas Singh,90119,6,B,deny,deny,1,"Claim C0004 does not meet the rule: income=90119, household_size=6."
2026-04-29T07:58:00.863075+00:00,exp0_baseline,42,rule,rule,12,C0052,Noor Ibrahim,80364,7,B,deny,deny,1,"Claim C0052 does not meet the rule: income=80364, household_size=7."
2026-04-29T07:58:00.863075+00:00,exp0_baseline,42,rule,rule,13,C0016,Sara Miller,26270,1,A,deny,deny,1,"Claim C0016 does not meet the rule: income=26270, household_size=1."
2026-04-29T07:58:00.863075+00:00,exp0_baseline,42,rule,rule,14,C0090,Nadia Hossain,33958,1,B,deny,deny,1,"Claim C0090 does not meet the rule: income=33958, household_size=1."
2026-04-29T07:58:00.863075+00:00,exp0_baseline,42,rule,rule,15,C0210,Ravi Wilson,29571,3,B,approve,approve,1,"Claim C0210 meets the rule: income=29571, household_size=3."
2026-04-29T07:58:00.863075+00:00,exp0_baseline,42,rule,rule,16,C0086,Carlos Hossain,20544,4,C,approve,approve,1,"Claim C0086 meets the rule: income=20544, household_size=4."
2026-04-29T07:58:00.863075+00:00,exp0_baseline,42,rule,rule,17,C0116,Carlos Chen,25879,6,B,approve,approve,1,"Claim C0116 meets the rule: income=25879, household_size=6."
2026-04-29T07:58:00.863075+00:00,exp0_baseline,42,rule,rule,18,C0022,Ivan Patel,16971,1,A,deny,deny,1,"Claim C0022 does not meet the rule: income=16971, household_size=1."
2026-04-29T07:58:00.863075+00:00,exp0_baseline,42,rule,rule,19,C0104,Sara Lopez,31867,1,C,deny,deny,1,"Claim C0104 does not meet the rule: income=31867, household_size=1."
2026-04-29T07:58:00.863075+00:00,exp0_baseline,42,rule,rule,20,C0106,Maria Nasser,24911,1,A,deny,deny,1,"Claim C0106 does not meet the rule: income=24911, household_size=1."
2026-04-29T07:58:00.863075+00:00,exp0_baseline,42,rule,rule,21,C0201,Maria Ibrahim,32800,2,E,deny,deny,1,"Claim C0201 does not meet the rule: income=32800, household_size=2."
2026-04-29T07:58:00.863075+00:00,exp0_baseline,42,rule,rule,22,C0244,Yusuf Ibrahim,12401,2,B,deny,deny,1,"Claim C0244 does not meet the rule: income=12401, household_size=2."
2026-04-29T07:58:00.863075+00:00,exp0_baseline,42,rule,rule,23,C0062,Mei Rahman,22593,1,A,deny,deny,1,"Claim C0062 does not meet the rule: income=22593, household_size=1."
2026-04-29T07:58:00.863075+00:00,exp0_baseline,42,rule,rule,24,C0030,Maya Rahman,70630,2,E,deny,deny,1,"Claim C0030 does not meet the rule: income=70630, household_size=2."
2026-04-29T07:58:00.863075+00:00,exp0_baseline,42,rule,rule,25,C0127,Fatima Miller,68313,6,E,deny,deny,1,"Claim C0127 does not meet the rule: income=68313, household_size=6."
2026-04-29T07:58:00.863075+00:00,exp0_baseline,42,rule,rule,26,C0223,Jonas Patel,19090,2,A,deny,deny,1,"Claim C0223 does not meet the rule: income=19090, household_size=2."
2026-04-29T07:58:00.863075+00:00,exp0_baseline,42,rule,rule,27,C0073,Samira Nasser,45582,2,B,deny,deny,1,"Claim C0073 does not meet the rule: income=45582, household_size=2."
2026-04-29T07:58:00.863075+00:00,exp0_baseline,42,rule,rule,28,C0046,Ravi Hossain,13873,3,B,approve,approve,1,"Claim C0046 meets the rule: income=13873, household_size=3."
2026-04-29T07:58:00.863075+00:00,exp0_baseline,42,rule,rule,29,C0175,Mei Miller,32971,7,A,approve,approve,1,"Claim C0175 meets the rule: income=32971, household_size=7."
2026-04-29T07:58:00.863075+00:00,exp0_baseline,42,rule,rule,30,C0214,Ravi Patel,23948,3,D,approve,approve,1,"Claim C0214 meets the rule: income=23948, household_size=3."
2026-04-29T07:58:00.863075+00:00,exp0_baseline,42,rule,rule,31,C0105,Ivan Haddad,31282,4,E,approve,approve,1,"Claim C0105 meets the rule: income=31282, household_size=4."
2026-04-29T07:58:00.863075+00:00,exp0_baseline,42,rule,rule,32,C0096,Omar Hossain,18671,5,E,approve,approve,1,"Claim C0096 meets the rule: income=18671, household_size=5."
2026-04-29T07:58:00.863075+00:00,exp0_baseline,42,rule,rule,33,C0067,Priya Haddad,13898,4,B,approve,approve,1,"Claim C0067 meets the rule: income=13898, household_size=4."
2026-04-29T07:58:00.863075+00:00,exp0_baseline,42,rule,rule,34,C0165,Fatima Hossain,53871,4,D,deny,deny,1,"Claim C0165 does not meet the rule: income=53871, household_size=4."
2026-04-29T07:58:00.863075+00:00,exp0_baseline,42,rule,rule,35,C0249,Nadia Singh,68866,3,C,deny,deny,1,"Claim C0249 does not meet the rule: income=68866, household_size=3."
2026-04-29T07:58:00.863075+00:00,exp0_baseline,42,rule,rule,36,C0200,Nadia Garcia,21299,7,B,approve,approve,1,"Claim C0200 meets the rule: income=21299, household_size=7."
2026-04-29T07:58:00.863075+00:00,exp0_baseline,42,rule,rule,37,C0079,Ivan Hossain,18967,6,E,approve,approve,1,"Claim C0079 meets the rule: income=18967, household_size=6."
2026-04-29T07:58:00.863075+00:00,exp0_baseline,42,rule,rule,38,C0080,Carlos Lopez,23861,4,D,approve,approve,1,"Claim C0080 meets the rule: income=23861, household_size=4."
2026-04-29T07:58:00.863075+00:00,exp0_baseline,42,rule,rule,39,C0013,Maria Rahman,27017,7,A,approve,approve,1,"Claim C0013 meets the rule: income=27017, household_size=7."
2026-04-29T07:58:00.863075+00:00,exp0_baseline,42,rule,rule,40,C0197,Priya Haddad,38429,4,D,approve,approve,1,"Claim C0197 meets the rule: income=38429, household_size=4."
2026-04-29T07:58:00.863075+00:00,exp0_baseline,42,rule,rule,41,C0150,Maria Haddad,24108,5,D,approve,approve,1,"Claim C0150 meets the rule: income=24108, household_size=5."
2026-04-29T07:58:00.863075+00:00,exp0_baseline,42,rule,rule,42,C0028,Omar Patel,46588,7,B,deny,deny,1,"Claim C0028 does not meet the rule: income=46588, household_size=7."
2026-04-29T07:58:00.863075+00:00,exp0_baseline,42,rule,rule,43,C0082,Ravi Patel,20988,1,E,deny,deny,1,"Claim C0082 does not meet the rule: income=20988, household_size=1."
2026-04-29T07:58:00.863075+00:00,exp0_baseline,42,rule,rule,44,C0100,Yusuf Patel,66977,6,C,deny,deny,1,"Claim C0100 does not meet the rule: income=66977, household_size=6."
2026-04-29T07:58:00.863075+00:00,exp0_baseline,42,rule,rule,45,C0235,Mei Nasser,63052,3,A,deny,deny,1,"Claim C0235 does not meet the rule: income=63052, household_size=3."
2026-04-29T07:58:00.863075+00:00,exp0_baseline,42,rule,rule,46,C0011,Carlos Hossain,25185,5,E,approve,approve,1,"Claim C0011 meets the rule: income=25185, household_size=5."
2026-04-29T07:58:00.863075+00:00,exp0_baseline,42,rule,rule,47,C0134,Maya Hossain,15060,4,C,approve,approve,1,"Claim C0134 meets the rule: income=15060, household_size=4."
2026-04-29T07:58:00.863075+00:00,exp0_baseline,42,rule,rule,48,C0125,Omar Miller,13454,6,A,approve,approve,1,"Claim C0125 meets the rule: income=13454, household_size=6."
2026-04-29T07:58:00.863075+00:00,exp0_baseline,42,rule,rule,49,C0043,Ravi Rahman,22929,4,C,approve,approve,1,"Claim C0043 meets the rule: income=22929, household_size=4."
2026-04-29T07:58:00.863075+00:00,exp0_baseline,42,rule,rule,50,C0224,Jonas Ibrahim,32537,4,B,approve,approve,1,"Claim C0224 meets the rule: income=32537, household_size=4."
2026-04-29T07:58:00.863075+00:00,exp0_baseline,42,rule,rule,51,C0112,Daniel Lopez,69935,5,D,deny,deny,1,"Claim C0112 does not meet the rule: income=69935, household_size=5."
2026-04-29T07:58:00.863075+00:00,exp0_baseline,42,rule,rule,52,C0121,Yusuf Lopez,19994,4,C,approve,approve,1,"Claim C0121 meets the rule: income=19994, household_size=4."
2026-04-29T07:58:00.863075+00:00,exp0_baseline,42,rule,rule,53,C0154,Ivan Garcia,14806,6,C,approve,approve,1,"Claim C0154 meets the rule: income=14806, household_size=6."
2026-04-29T07:58:00.863075+00:00,exp0_baseline,42,rule,rule,54,C0131,Samira Patel,28617,5,D,approve,approve,1,"Claim C0131 meets the rule: income=28617, household_size=5."
2026-04-29T07:58:00.863075+00:00,exp0_baseline,42,rule,rule,55,C0005,Jonas Nasser,73349,6,B,deny,deny,1,"Claim C0005 does not meet the rule: income=73349, household_size=6."
2026-04-29T07:58:00.863075+00:00,exp0_baseline,42,rule,rule,56,C0053,Yusuf Garcia,26923,6,A,approve,approve,1,"Claim C0053 meets the rule: income=26923, household_size=6."
2026-04-29T07:58:00.863075+00:00,exp0_baseline,42,rule,rule,57,C0242,Elena Patel,25861,7,D,approve,approve,1,"Claim C0242 meets the rule: income=25861, household_size=7."
2026-04-29T07:58:00.863075+00:00,exp0_baseline,42,rule,rule,58,C0074,Maya Miller,23152,2,D,deny,deny,1,"Claim C0074 does not meet the rule: income=23152, household_size=2."
2026-04-29T07:58:00.863075+00:00,exp0_baseline,42,rule,rule,59,C0219,Omar Miller,16340,5,C,approve,approve,1,"Claim C0219 meets the rule: income=16340, household_size=5."
2026-04-29T07:58:00.863075+00:00,exp0_baseline,42,rule,rule,60,C0006,Jonas Wilson,14538,5,C,approve,approve,1,"Claim C0006 meets the rule: income=14538, household_size=5."
2026-04-29T07:58:00.863075+00:00,exp0_baseline,42,rule,rule,61,C0061,Noor Miller,37185,5,E,approve,approve,1,"Claim C0061 meets the rule: income=37185, household_size=5."
2026-04-29T07:58:00.863075+00:00,exp0_baseline,42,rule,rule,62,C0136,Priya Ahmed,46678,6,A,deny,deny,1,"Claim C0136 does not meet the rule: income=46678, household_size=6."
2026-04-29T07:58:00.863075+00:00,exp0_baseline,42,rule,rule,63,C0139,Maria Brown,16207,6,D,approve,approve,1,"Claim C0139 meets the rule: income=16207, household_size=6."
2026-04-29T07:58:00.863075+00:00,exp0_baseline,42,rule,rule,64,C0126,Leila Haddad,16572,3,B,approve,approve,1,"Claim C0126 meets the rule: income=16572, household_size=3."
2026-04-29T07:58:00.863075+00:00,exp0_baseline,42,rule,rule,65,C0232,Elena Ali,28750,6,A,approve,approve,1,"Claim C0232 meets the rule: income=28750, household_size=6."
2026-04-29T07:58:00.863075+00:00,exp0_baseline,42,rule,rule,66,C0031,Fatima Nasser,38287,4,D,approve,approve,1,"Claim C0031 meets the rule: income=38287, household_size=4."
2026-04-29T07:58:00.863075+00:00,exp0_baseline,42,rule,rule,67,C0205,Ivan Brown,26083,4,C,approve,approve,1,"Claim C0205 meets the rule: income=26083, household_size=4."
2026-04-29T07:58:00.863075+00:00,exp0_baseline,42,rule,rule,68,C0047,Yusuf Haddad,39352,2,C,deny,deny,1,"Claim C0047 does not meet the rule: income=39352, household_size=2."
2026-04-29T07:58:00.863075+00:00,exp0_baseline,42,rule,rule,69,C0222,Elena Khan,36368,6,E,approve,approve,1,"Claim C0222 meets the rule: income=36368, household_size=6."
2026-04-29T07:58:00.863075+00:00,exp0_baseline,42,rule,rule,70,C0003,Elena Singh,34064,3,C,approve,approve,1,"Claim C0003 meets the rule: income=34064, household_size=3."
2026-04-29T07:58:00.863075+00:00,exp0_baseline,42,rule,rule,71,C0157,Hassan Wilson,25942,2,B,deny,deny,1,"Claim C0157 does not meet the rule: income=25942, household_size=2."
2026-04-29T07:58:00.863075+00:00,exp0_baseline,42,rule,rule,72,C0160,Ravi Lopez,35862,5,D,approve,approve,1,"Claim C0160 meets the rule: income=35862, household_size=5."
2026-04-29T07:58:00.863075+00:00,exp0_baseline,42,rule,rule,73,C0203,Maria Haddad,24997,1,E,deny,deny,1,"Claim C0203 does not meet the rule: income=24997, household_size=1."
2026-04-29T07:58:00.863075+00:00,exp0_baseline,42,rule,rule,74,C0107,Jonas Haddad,57754,3,C,deny,deny,1,"Claim C0107 does not meet the rule: income=57754, household_size=3."
2026-04-29T07:58:00.863075+00:00,exp0_baseline,42,rule,rule,75,C0153,Noor Wilson,83100,7,B,deny,deny,1,"Claim C0153 does not meet the rule: income=83100, household_size=7."
2026-04-29T07:58:00.863075+00:00,exp0_baseline,42,rule,rule,76,C0250,Nadia Patel,19454,2,C,deny,deny,1,"Claim C0250 does not meet the rule: income=19454, household_size=2."
2026-04-29T07:58:00.863075+00:00,exp0_baseline,42,rule,rule,77,C0048,Jonas Ibrahim,85857,4,C,deny,deny,1,"Claim C0048 does not meet the rule: income=85857, household_size=4."
2026-04-29T07:58:00.863075+00:00,exp0_baseline,42,rule,rule,78,C0212,Noor Brown,40927,6,D,deny,deny,1,"Claim C0212 does not meet the rule: income=40927, household_size=6."
2026-04-29T07:58:00.863075+00:00,exp0_baseline,42,rule,rule,79,C0172,Samira Wilson,16369,6,B,approve,approve,1,"Claim C0172 meets the rule: income=16369, household_size=6."
2026-04-29T07:58:00.863075+00:00,exp0_baseline,42,rule,rule,80,C0078,Mei Hossain,21129,3,D,approve,approve,1,"Claim C0078 meets the rule: income=21129, household_size=3."
2026-04-29T07:58:00.863075+00:00,exp0_baseline,42,rule,rule,81,C0085,Samira Singh,33369,7,D,approve,approve,1,"Claim C0085 meets the rule: income=33369, household_size=7."
2026-04-29T07:58:00.863075+00:00,exp0_baseline,42,rule,rule,82,C0039,Mei Khan,24742,2,D,deny,deny,1,"Claim C0039 does not meet the rule: income=24742, household_size=2."
2026-04-29T07:58:00.863075+00:00,exp0_baseline,42,rule,rule,83,C0158,Jonas Khan,31024,5,B,approve,approve,1,"Claim C0158 meets the rule: income=31024, household_size=5."
2026-04-29T07:58:00.863075+00:00,exp0_baseline,42,rule,rule,84,C0014,Daniel Patel,26982,5,E,approve,approve,1,"Claim C0014 meets the rule: income=26982, household_size=5."
2026-04-29T07:58:00.863075+00:00,exp0_baseline,42,rule,rule,85,C0202,Nadia Ahmed,90259,3,B,deny,deny,1,"Claim C0202 does not meet the rule: income=90259, household_size=3."
2026-04-29T07:58:00.863075+00:00,exp0_baseline,42,rule,rule,86,C0236,Leila Patel,59087,1,E,deny,deny,1,"Claim C0236 does not meet the rule: income=59087, household_size=1."
2026-04-29T07:58:00.863075+00:00,exp0_baseline,42,rule,rule,87,C0065,Leila Singh,38379,5,C,approve,approve,1,"Claim C0065 meets the rule: income=38379, household_size=5."
2026-04-29T07:58:00.863075+00:00,exp0_baseline,42,rule,rule,88,C0034,Omar Singh,30978,7,A,approve,approve,1,"Claim C0034 meets the rule: income=30978, household_size=7."
2026-04-29T07:58:00.863075+00:00,exp0_baseline,42,rule,rule,89,C0001,Ivan Nasser,58229,2,D,deny,deny,1,"Claim C0001 does not meet the rule: income=58229, household_size=2."
2026-04-29T07:58:00.863075+00:00,exp0_baseline,42,rule,rule,90,C0181,Mei Rahman,24793,5,C,approve,approve,1,"Claim C0181 meets the rule: income=24793, household_size=5."
2026-04-29T07:58:00.863075+00:00,exp0_baseline,42,rule,rule,91,C0169,Maria Ibrahim,56532,7,A,deny,deny,1,"Claim C0169 does not meet the rule: income=56532, household_size=7."
2026-04-29T07:58:00.863075+00:00,exp0_baseline,42,rule,rule,92,C0204,Elena Ibrahim,12087,2,D,deny,deny,1,"Claim C0204 does not meet the rule: income=12087, household_size=2."
2026-04-29T07:58:00.863075+00:00,exp0_baseline,42,rule,rule,93,C0038,Samira Wilson,46108,2,E,deny,deny,1,"Claim C0038 does not meet the rule: income=46108, household_size=2."
2026-04-29T07:58:00.863075+00:00,exp0_baseline,42,rule,rule,94,C0101,Noor Haddad,25930,1,C,deny,deny,1,"Claim C0101 does not meet the rule: income=25930, household_size=1."
2026-04-29T07:58:00.863075+00:00,exp0_baseline,42,rule,rule,95,C0183,Noor Haddad,17354,6,E,approve,approve,1,"Claim C0183 meets the rule: income=17354, household_size=6."
2026-04-29T07:58:00.863075+00:00,exp0_baseline,42,rule,rule,96,C0083,Daniel Ibrahim,14978,3,E,approve,approve,1,"Claim C0083 meets the rule: income=14978, household_size=3."
2026-04-29T07:58:00.863075+00:00,exp0_baseline,42,rule,rule,97,C0035,Omar Chen,25541,1,C,deny,deny,1,"Claim C0035 does not meet the rule: income=25541, household_size=1."
2026-04-29T07:58:00.863075+00:00,exp0_baseline,42,rule,rule,98,C0123,Ivan Ali,35538,6,B,approve,approve,1,"Claim C0123 meets the rule: income=35538, household_size=6."
2026-04-29T07:58:00.863075+00:00,exp0_baseline,42,rule,rule,99,C0225,Priya Rahman,33884,7,A,approve,approve,1,"Claim C0225 meets the rule: income=33884, household_size=7."
2026-04-29T07:58:00.863075+00:00,exp0_baseline,42,rule,rule,100,C0228,Sara Hossain,36748,6,C,approve,approve,1,"Claim C0228 meets the rule: income=36748, household_size=6."
2026-04-29T07:58:00.863075+00:00,exp0_baseline,42,rule,rule,101,C0120,Leila Wilson,21139,2,E,deny,deny,1,"Claim C0120 does not meet the rule: income=21139, household_size=2."
2026-04-29T07:58:00.863075+00:00,exp0_baseline,42,rule,rule,102,C0129,Maria Hossain,32419,5,C,approve,approve,1,"Claim C0129 meets the rule: income=32419, household_size=5."
2026-04-29T07:58:00.863075+00:00,exp0_baseline,42,rule,rule,103,C0217,Leila Garcia,61122,7,D,deny,deny,1,"Claim C0217 does not meet the rule: income=61122, household_size=7."
2026-04-29T07:58:00.863075+00:00,exp0_baseline,42,rule,rule,104,C0213,Samira Haddad,18278,4,E,approve,approve,1,"Claim C0213 meets the rule: income=18278, household_size=4."
2026-04-29T07:58:00.863075+00:00,exp0_baseline,42,rule,rule,105,C0246,Samira Ahmed,36327,7,C,approve,approve,1,"Claim C0246 meets the rule: income=36327, household_size=7."
2026-04-29T07:58:00.863075+00:00,exp0_baseline,42,rule,rule,106,C0033,Yusuf Rahman,15665,5,A,approve,approve,1,"Claim C0033 meets the rule: income=15665, household_size=5."
2026-04-29T07:58:00.863075+00:00,exp0_baseline,42,rule,rule,107,C0132,Maria Khan,51391,5,C,deny,deny,1,"Claim C0132 does not meet the rule: income=51391, household_size=5."
2026-04-29T07:58:00.863075+00:00,exp0_baseline,42,rule,rule,108,C0173,Maria Hossain,83353,3,C,deny,deny,1,"Claim C0173 does not meet the rule: income=83353, household_size=3."
2026-04-29T07:58:00.863075+00:00,exp0_baseline,42,rule,rule,109,C0113,Yusuf Ahmed,85705,2,A,deny,deny,1,"Claim C0113 does not meet the rule: income=85705, household_size=2."
2026-04-29T07:58:00.863075+00:00,exp0_baseline,42,rule,rule,110,C0049,Leila Hossain,37176,3,B,approve,approve,1,"Claim C0049 meets the rule: income=37176, household_size=3."
2026-04-29T07:58:00.863075+00:00,exp0_baseline,42,rule,rule,111,C0221,Noor Singh,39348,5,B,approve,approve,1,"Claim C0221 meets the rule: income=39348, household_size=5."
2026-04-29T07:58:00.863075+00:00,exp0_baseline,42,rule,rule,112,C0147,Maria Nasser,39176,5,B,approve,approve,1,"Claim C0147 meets the rule: income=39176, household_size=5."
2026-04-29T07:58:00.863075+00:00,exp0_baseline,42,rule,rule,113,C0077,Amina Brown,20102,1,D,deny,deny,1,"Claim C0077 does not meet the rule: income=20102, household_size=1."
2026-04-29T07:58:00.863075+00:00,exp0_baseline,42,rule,rule,114,C0220,Amina Ali,23934,6,B,approve,approve,1,"Claim C0220 meets the rule: income=23934, household_size=6."
2026-04-29T07:58:00.863075+00:00,exp0_baseline,42,rule,rule,115,C0211,Mei Singh,27423,4,A,approve,approve,1,"Claim C0211 meets the rule: income=27423, household_size=4."
2026-04-29T07:58:00.863075+00:00,exp0_baseline,42,rule,rule,116,C0239,Ivan Ibrahim,28477,7,C,approve,approve,1,"Claim C0239 meets the rule: income=28477, household_size=7."
2026-04-29T07:58:00.863075+00:00,exp0_baseline,42,rule,rule,117,C0240,Samira Rahman,36299,5,A,approve,approve,1,"Claim C0240 meets the rule: income=36299, household_size=5."
2026-04-29T07:58:00.863075+00:00,exp0_baseline,42,rule,rule,118,C0141,Priya Wilson,75993,2,A,deny,deny,1,"Claim C0141 does not meet the rule: income=75993, household_size=2."
2026-04-29T07:58:00.863075+00:00,exp0_baseline,42,rule,rule,119,C0020,Carlos Ali,15090,3,A,approve,approve,1,"Claim C0020 meets the rule: income=15090, household_size=3."
2026-04-29T07:58:00.863075+00:00,exp0_baseline,42,rule,rule,120,C0149,Maria Singh,33668,4,E,approve,approve,1,"Claim C0149 meets the rule: income=33668, household_size=4."
2026-04-29T07:58:00.863075+00:00,exp0_baseline,42,rule,rule,121,C0111,Ivan Ibrahim,19962,6,E,approve,approve,1,"Claim C0111 meets the rule: income=19962, household_size=6."
2026-04-29T07:58:00.863075+00:00,exp0_baseline,42,rule,rule,122,C0226,Daniel Miller,21232,7,D,approve,approve,1,"Claim C0226 meets the rule: income=21232, household_size=7."
2026-04-29T07:58:00.863075+00:00,exp0_baseline,42,rule,rule,123,C0188,Sara Ali,76424,1,E,deny,deny,1,"Claim C0188 does not meet the rule: income=76424, household_size=1."
2026-04-29T07:58:00.863075+00:00,exp0_baseline,42,rule,rule,124,C0178,Ivan Miller,27232,2,C,deny,deny,1,"Claim C0178 does not meet the rule: income=27232, household_size=2."
2026-04-29T07:58:00.863075+00:00,exp0_baseline,42,rule,rule,125,C0133,Leila Ibrahim,76384,7,B,deny,deny,1,"Claim C0133 does not meet the rule: income=76384, household_size=7."
2026-04-29T07:58:00.863075+00:00,exp0_baseline,42,rule,rule,126,C0066,Omar Brown,35702,7,D,approve,approve,1,"Claim C0066 meets the rule: income=35702, household_size=7."
2026-04-29T07:58:00.863075+00:00,exp0_baseline,42,rule,rule,127,C0209,Ivan Ahmed,14400,7,B,approve,approve,1,"Claim C0209 meets the rule: income=14400, household_size=7."
2026-04-29T07:58:00.863075+00:00,exp0_baseline,42,rule,rule,128,C0216,Nadia Miller,27159,4,B,approve,approve,1,"Claim C0216 meets the rule: income=27159, household_size=4."
2026-04-29T07:58:00.863075+00:00,exp0_baseline,42,rule,rule,129,C0182,Noor Brown,18286,6,A,approve,approve,1,"Claim C0182 meets the rule: income=18286, household_size=6."
2026-04-29T07:58:00.863075+00:00,exp0_baseline,42,rule,rule,130,C0145,Mei Hossain,12904,3,A,approve,approve,1,"Claim C0145 meets the rule: income=12904, household_size=3."
2026-04-29T07:58:00.863075+00:00,exp0_baseline,42,rule,rule,131,C0110,Leila Rahman,12847,1,A,deny,deny,1,"Claim C0110 does not meet the rule: income=12847, household_size=1."
2026-04-29T07:58:00.863075+00:00,exp0_baseline,42,rule,rule,132,C0135,Elena Garcia,35165,2,A,deny,deny,1,"Claim C0135 does not meet the rule: income=35165, household_size=2."
2026-04-29T07:58:00.863075+00:00,exp0_baseline,42,rule,rule,133,C0064,Elena Miller,36634,4,A,approve,approve,1,"Claim C0064 meets the rule: income=36634, household_size=4."
2026-04-29T07:58:00.863075+00:00,exp0_baseline,42,rule,rule,134,C0243,Daniel Rahman,13514,4,E,approve,approve,1,"Claim C0243 meets the rule: income=13514, household_size=4."
2026-04-29T07:58:00.863075+00:00,exp0_baseline,42,rule,rule,135,C0194,Mei Wilson,16681,5,A,approve,approve,1,"Claim C0194 meets the rule: income=16681, household_size=5."
2026-04-29T07:58:00.863075+00:00,exp0_baseline,42,rule,rule,136,C0037,Maria Haddad,21125,6,C,approve,approve,1,"Claim C0037 meets the rule: income=21125, household_size=6."
2026-04-29T07:58:00.863075+00:00,exp0_baseline,42,rule,rule,137,C0191,Leila Khan,38349,7,E,approve,approve,1,"Claim C0191 meets the rule: income=38349, household_size=7."
2026-04-29T07:58:00.863075+00:00,exp0_baseline,42,rule,rule,138,C0102,Samira Brown,32560,4,A,approve,approve,1,"Claim C0102 meets the rule: income=32560, household_size=4."
2026-04-29T07:58:00.863075+00:00,exp0_baseline,42,rule,rule,139,C0128,Leila Khan,81289,5,C,deny,deny,1,"Claim C0128 does not meet the rule: income=81289, household_size=5."
2026-04-29T07:58:00.863075+00:00,exp0_baseline,42,rule,rule,140,C0186,Jonas Khan,37800,3,E,approve,approve,1,"Claim C0186 meets the rule: income=37800, household_size=3."
2026-04-29T07:58:00.863075+00:00,exp0_baseline,42,rule,rule,141,C0146,Samira Garcia,34643,4,A,approve,approve,1,"Claim C0146 meets the rule: income=34643, household_size=4."
2026-04-29T07:58:00.863075+00:00,exp0_baseline,42,rule,rule,142,C0055,Amina Ahmed,37507,6,D,approve,approve,1,"Claim C0055 meets the rule: income=37507, household_size=6."
2026-04-29T07:58:00.863075+00:00,exp0_baseline,42,rule,rule,143,C0017,Jonas Khan,36288,6,D,approve,approve,1,"Claim C0017 meets the rule: income=36288, household_size=6."
2026-04-29T07:58:00.863075+00:00,exp0_baseline,42,rule,rule,144,C0162,Hassan Haddad,12635,1,B,deny,deny,1,"Claim C0162 does not meet the rule: income=12635, household_size=1."
2026-04-29T07:58:00.863075+00:00,exp0_baseline,42,rule,rule,145,C0103,Maya Chen,30918,4,D,approve,approve,1,"Claim C0103 meets the rule: income=30918, household_size=4."
2026-04-29T07:58:00.863075+00:00,exp0_baseline,42,rule,rule,146,C0081,Samira Garcia,20273,2,D,deny,deny,1,"Claim C0081 does not meet the rule: income=20273, household_size=2."
2026-04-29T07:58:00.863075+00:00,exp0_baseline,42,rule,rule,147,C0233,Priya Lopez,77924,1,D,deny,deny,1,"Claim C0233 does not meet the rule: income=77924, household_size=1."
2026-04-29T07:58:00.863075+00:00,exp0_baseline,42,rule,rule,148,C0176,Noor Nasser,22182,1,D,deny,deny,1,"Claim C0176 does not meet the rule: income=22182, household_size=1."
2026-04-29T07:58:00.863075+00:00,exp0_baseline,42,rule,rule,149,C0015,Amina Garcia,36692,4,E,approve,approve,1,"Claim C0015 meets the rule: income=36692, household_size=4."
2026-04-29T07:58:00.863075+00:00,exp0_baseline,42,rule,rule,150,C0084,Fatima Khan,12940,2,B,deny,deny,1,"Claim C0084 does not meet the rule: income=12940, household_size=2."
2026-04-29T07:58:00.863075+00:00,exp0_baseline,42,rule,rule,151,C0218,Leila Garcia,23078,3,D,approve,approve,1,"Claim C0218 meets the rule: income=23078, household_size=3."
2026-04-29T07:58:00.863075+00:00,exp0_baseline,42,rule,rule,152,C0143,Maria Wilson,38477,7,C,approve,approve,1,"Claim C0143 meets the rule: income=38477, household_size=7."
2026-04-29T07:58:00.863075+00:00,exp0_baseline,42,rule,rule,153,C0070,Mei Miller,26857,5,B,approve,approve,1,"Claim C0070 meets the rule: income=26857, household_size=5."
2026-04-29T07:58:00.863075+00:00,exp0_baseline,42,rule,rule,154,C0171,Maria Singh,66260,4,E,deny,deny,1,"Claim C0171 does not meet the rule: income=66260, household_size=4."
2026-04-29T07:58:00.863075+00:00,exp0_baseline,42,rule,rule,155,C0119,Yusuf Brown,18222,5,E,approve,approve,1,"Claim C0119 meets the rule: income=18222, household_size=5."
2026-04-29T07:58:00.863075+00:00,exp0_baseline,42,rule,rule,156,C0166,Nadia Haddad,33640,1,B,deny,deny,1,"Claim C0166 does not meet the rule: income=33640, household_size=1."
2026-04-29T07:58:00.863075+00:00,exp0_baseline,42,rule,rule,157,C0245,Omar Miller,36903,1,E,deny,deny,1,"Claim C0245 does not meet the rule: income=36903, household_size=1."
2026-04-29T07:58:00.863075+00:00,exp0_baseline,42,rule,rule,158,C0137,Elena Brown,68411,3,E,deny,deny,1,"Claim C0137 does not meet the rule: income=68411, household_size=3."
2026-04-29T07:58:00.863075+00:00,exp0_baseline,42,rule,rule,159,C0044,Noor Singh,33711,2,D,deny,deny,1,"Claim C0044 does not meet the rule: income=33711, household_size=2."
2026-04-29T07:58:00.863075+00:00,exp0_baseline,42,rule,rule,160,C0156,Elena Khan,48893,7,B,deny,deny,1,"Claim C0156 does not meet the rule: income=48893, household_size=7."
2026-04-29T07:58:00.863075+00:00,exp0_baseline,42,rule,rule,161,C0019,Noor Garcia,16534,4,E,approve,approve,1,"Claim C0019 meets the rule: income=16534, household_size=4."
2026-04-29T07:58:00.863075+00:00,exp0_baseline,42,rule,rule,162,C0069,Fatima Miller,69807,1,E,deny,deny,1,"Claim C0069 does not meet the rule: income=69807, household_size=1."
2026-04-29T07:58:00.863075+00:00,exp0_baseline,42,rule,rule,163,C0054,Hassan Chen,31782,5,A,approve,approve,1,"Claim C0054 meets the rule: income=31782, household_size=5."
2026-04-29T07:58:00.863075+00:00,exp0_baseline,42,rule,rule,164,C0091,Samira Patel,26246,4,A,approve,approve,1,"Claim C0091 meets the rule: income=26246, household_size=4."
2026-04-29T07:58:00.863075+00:00,exp0_baseline,42,rule,rule,165,C0095,Ivan Patel,78996,6,A,deny,deny,1,"Claim C0095 does not meet the rule: income=78996, household_size=6."
2026-04-29T07:58:00.863075+00:00,exp0_baseline,42,rule,rule,166,C0042,Sara Ibrahim,20228,3,A,approve,approve,1,"Claim C0042 meets the rule: income=20228, household_size=3."
2026-04-29T07:58:00.863075+00:00,exp0_baseline,42,rule,rule,167,C0094,Noor Garcia,31349,6,C,approve,approve,1,"Claim C0094 meets the rule: income=31349, household_size=6."
2026-04-29T07:58:00.863075+00:00,exp0_baseline,42,rule,rule,168,C0163,Noor Wilson,16593,6,A,approve,approve,1,"Claim C0163 meets the rule: income=16593, household_size=6."
2026-04-29T07:58:00.863075+00:00,exp0_baseline,42,rule,rule,169,C0117,Elena Miller,30480,1,A,deny,deny,1,"Claim C0117 does not meet the rule: income=30480, household_size=1."
2026-04-29T07:58:00.863075+00:00,exp0_baseline,42,rule,rule,170,C0206,Mei Hossain,77345,5,A,deny,deny,1,"Claim C0206 does not meet the rule: income=77345, household_size=5."
2026-04-29T07:58:00.863075+00:00,exp0_baseline,42,rule,rule,171,C0199,Samira Garcia,24449,3,E,approve,approve,1,"Claim C0199 meets the rule: income=24449, household_size=3."
2026-04-29T07:58:00.863075+00:00,exp0_baseline,42,rule,rule,172,C0026,Leila Lopez,46098,3,D,deny,deny,1,"Claim C0026 does not meet the rule: income=46098, household_size=3."
2026-04-29T07:58:00.863075+00:00,exp0_baseline,42,rule,rule,173,C0238,Carlos Ibrahim,14805,1,A,deny,deny,1,"Claim C0238 does not meet the rule: income=14805, household_size=1."
2026-04-29T07:58:00.863075+00:00,exp0_baseline,42,rule,rule,174,C0192,Fatima Ahmed,15953,1,D,deny,deny,1,"Claim C0192 does not meet the rule: income=15953, household_size=1."
2026-04-29T07:58:00.863075+00:00,exp0_baseline,42,rule,rule,175,C0075,Noor Nasser,19223,6,A,approve,approve,1,"Claim C0075 meets the rule: income=19223, household_size=6."
2026-04-29T07:58:00.863075+00:00,exp0_baseline,42,rule,rule,176,C0059,Yusuf Ahmed,55633,2,E,deny,deny,1,"Claim C0059 does not meet the rule: income=55633, household_size=2."
2026-04-29T07:58:00.863075+00:00,exp0_baseline,42,rule,rule,177,C0170,Priya Nasser,69524,4,D,deny,deny,1,"Claim C0170 does not meet the rule: income=69524, household_size=4."
2026-04-29T07:58:00.863075+00:00,exp0_baseline,42,rule,rule,178,C0193,Ravi Ahmed,31548,6,C,approve,approve,1,"Claim C0193 meets the rule: income=31548, household_size=6."
2026-04-29T07:58:00.863075+00:00,exp0_baseline,42,rule,rule,179,C0018,Priya Lopez,29954,3,C,approve,approve,1,"Claim C0018 meets the rule: income=29954, household_size=3."
2026-04-29T07:58:00.863075+00:00,exp0_baseline,42,rule,rule,180,C0050,Elena Wilson,15965,4,C,approve,approve,1,"Claim C0050 meets the rule: income=15965, household_size=4."
2026-04-29T07:58:00.863075+00:00,exp0_baseline,42,rule,rule,181,C0148,Leila Lopez,15928,7,A,approve,approve,1,"Claim C0148 meets the rule: income=15928, household_size=7."
2026-04-29T07:58:00.863075+00:00,exp0_baseline,42,rule,rule,182,C0093,Yusuf Ahmed,12414,2,D,deny,deny,1,"Claim C0093 does not meet the rule: income=12414, household_size=2."
2026-04-29T07:58:00.863075+00:00,exp0_baseline,42,rule,rule,183,C0159,Mei Miller,14168,4,D,approve,approve,1,"Claim C0159 meets the rule: income=14168, household_size=4."
2026-04-29T07:58:00.863075+00:00,exp0_baseline,42,rule,rule,184,C0161,Nadia Singh,28640,3,D,approve,approve,1,"Claim C0161 meets the rule: income=28640, household_size=3."
2026-04-29T07:58:00.863075+00:00,exp0_baseline,42,rule,rule,185,C0076,Mei Garcia,30089,5,C,approve,approve,1,"Claim C0076 meets the rule: income=30089, household_size=5."
2026-04-29T07:58:00.863075+00:00,exp0_baseline,42,rule,rule,186,C0142,Elena Singh,30265,4,A,approve,approve,1,"Claim C0142 meets the rule: income=30265, household_size=4."
2026-04-29T07:58:00.863075+00:00,exp0_baseline,42,rule,rule,187,C0021,Hassan Miller,71952,2,C,deny,deny,1,"Claim C0021 does not meet the rule: income=71952, household_size=2."
2026-04-29T07:58:00.863075+00:00,exp0_baseline,42,rule,rule,188,C0097,Leila Miller,23005,5,D,approve,approve,1,"Claim C0097 meets the rule: income=23005, household_size=5."
2026-04-29T07:58:00.863075+00:00,exp0_baseline,42,rule,rule,189,C0032,Amina Lopez,27629,3,E,approve,approve,1,"Claim C0032 meets the rule: income=27629, household_size=3."
2026-04-29T07:58:00.863075+00:00,exp0_baseline,42,rule,rule,190,C0138,Noor Khan,20685,7,E,approve,approve,1,"Claim C0138 meets the rule: income=20685, household_size=7."
2026-04-29T07:58:00.863075+00:00,exp0_baseline,42,rule,rule,191,C0118,Hassan Nasser,38090,1,B,deny,deny,1,"Claim C0118 does not meet the rule: income=38090, household_size=1."
2026-04-29T07:58:00.863075+00:00,exp0_baseline,42,rule,rule,192,C0187,Elena Rahman,35661,5,B,approve,approve,1,"Claim C0187 meets the rule: income=35661, household_size=5."
2026-04-29T07:58:00.863075+00:00,exp0_baseline,42,rule,rule,193,C0012,Leila Garcia,13029,5,B,approve,approve,1,"Claim C0012 meets the rule: income=13029, household_size=5."
2026-04-29T07:58:00.863075+00:00,exp0_baseline,42,rule,rule,194,C0068,Noor Nasser,30379,3,E,approve,approve,1,"Claim C0068 meets the rule: income=30379, household_size=3."
2026-04-29T07:58:00.863075+00:00,exp0_baseline,42,rule,rule,195,C0227,Priya Patel,18887,6,D,approve,approve,1,"Claim C0227 meets the rule: income=18887, household_size=6."
2026-04-29T07:58:00.863075+00:00,exp0_baseline,42,rule,rule,196,C0089,Yusuf Wilson,80804,7,D,deny,deny,1,"Claim C0089 does not meet the rule: income=80804, household_size=7."
2026-04-29T07:58:00.863075+00:00,exp0_baseline,42,rule,rule,197,C0092,Amina Garcia,35194,3,A,approve,approve,1,"Claim C0092 meets the rule: income=35194, household_size=3."
2026-04-29T07:58:00.863075+00:00,exp0_baseline,42,rule,rule,198,C0025,Samira Chen,37562,7,A,approve,approve,1,"Claim C0025 meets the rule: income=37562, household_size=7."
2026-04-29T07:58:00.863075+00:00,exp0_baseline,42,rule,rule,199,C0098,Hassan Ali,34349,4,E,approve,approve,1,"Claim C0098 meets the rule: income=34349, household_size=4."
2026-04-29T07:58:00.863075+00:00,exp0_baseline,42,rule,rule,200,C0231,Elena Patel,26390,1,B,deny,deny,1,"Claim C0231 does not meet the rule: income=26390, household_size=1."
